USE AliceTrueCrimeDB;
SET FOREIGN_KEY_CHECKS = 0;
TRUNCATE TABLE Colpa;
TRUNCATE TABLE Vittima;
TRUNCATE TABLE Articolo;
TRUNCATE TABLE Commento;
TRUNCATE TABLE Partita;
TRUNCATE TABLE Risposta;
TRUNCATE TABLE Domanda;
TRUNCATE TABLE Caso;
TRUNCATE TABLE Colpevole;
TRUNCATE TABLE Gioco;
TRUNCATE TABLE Utente;
SET FOREIGN_KEY_CHECKS = 1;

-- Utenti Base pass admin: admin, pass user:user
INSERT INTO Utente (Email, Username, Password, Is_Admin) VALUES ('admin@test.it', 'Admin', '$2y$10$TctKk6xDjIzLPDGo.Cky6.h3yrev5Qh9qY9mY1JXKGI3DFWs.KPVK', 1), ('user@test.it', 'User', '$2y$10$9dk6FVWLhA3i.6JtCcUERuz0cW.v7GI3fyuztVmq/5YfB7G/IkEg2', 0);

-- INIZIO POPOLAMENTO CASI APPROVATI (Reali)

-- Categoria: Serial killer
INSERT INTO Caso (N_Caso, Titolo, Data, Luogo, Descrizione, Tipologia, Immagine, Approvato) VALUES (1, 'Il mostro di Milwaukee', '2001-05-19', 'Milwaukee, USA', 'Jeffrey Dahmer ha ucciso e smembrato 17 uomini tra il 1978 e il 1991.', 'Serial killer', 'img/caso_1.jpg', 1);
INSERT INTO Colpevole (CF_Colpevole, Nome, Cognome, LuogoNascita, DataNascita, Immagine) VALUES ('CLP001DAHX', 'Jeffrey', 'Dahmer', 'Ignoto', '1970-01-01', 'img/colp_1.jpg') ON DUPLICATE KEY UPDATE Immagine=Immagine;
INSERT INTO Colpa (Colpevole, Caso) VALUES ('CLP001DAHX', 1);
INSERT INTO Vittima (CF_Vittima, Nome, Cognome, LuogoNascita, DataNascita, DataDecesso, Caso) VALUES ('VIT001HICX', 'Steven', 'Hicks', 'Milwaukee, USA', '1980-01-01', '2001-05-19', 1);
INSERT INTO Articolo (Titolo, Data, Link, Caso) VALUES ('Approfondimento su Dahmer', '2001-05-19', 'https://news.it/1', 1);
INSERT INTO Caso (N_Caso, Titolo, Data, Luogo, Descrizione, Tipologia, Immagine, Approvato) VALUES (2, 'Il Clown Killer', '2003-01-15', 'Chicago, USA', 'John Wayne Gacy, vestito da clown, ha ucciso 33 adolescenti.', 'Serial killer', 'img/caso_2.jpg', 1);
INSERT INTO Colpevole (CF_Colpevole, Nome, Cognome, LuogoNascita, DataNascita, Immagine) VALUES ('CLP002GACX', 'John', 'Gacy', 'Ignoto', '1970-01-01', 'img/colp_2.jpg') ON DUPLICATE KEY UPDATE Immagine=Immagine;
INSERT INTO Colpa (Colpevole, Caso) VALUES ('CLP002GACX', 2);
INSERT INTO Vittima (CF_Vittima, Nome, Cognome, LuogoNascita, DataNascita, DataDecesso, Caso) VALUES ('VIT002MCCX', 'Timothy', 'McCoy', 'Chicago, USA', '1980-01-01', '2003-01-15', 2);
INSERT INTO Articolo (Titolo, Data, Link, Caso) VALUES ('Approfondimento su Gacy', '2003-01-15', 'https://news.it/2', 2);
INSERT INTO Caso (N_Caso, Titolo, Data, Luogo, Descrizione, Tipologia, Immagine, Approvato) VALUES (3, 'Ted Bundy', '2002-02-11', 'Florida, USA', 'Uno dei serial killer più famosi, ha confessato 30 omicidi.', 'Serial killer', 'img/caso_3.jpg', 1);
INSERT INTO Colpevole (CF_Colpevole, Nome, Cognome, LuogoNascita, DataNascita, Immagine) VALUES ('CLP003BUNX', 'Ted', 'Bundy', 'Ignoto', '1970-01-01', 'img/colp_3.jpg') ON DUPLICATE KEY UPDATE Immagine=Immagine;
INSERT INTO Colpa (Colpevole, Caso) VALUES ('CLP003BUNX', 3);
INSERT INTO Vittima (CF_Vittima, Nome, Cognome, LuogoNascita, DataNascita, DataDecesso, Caso) VALUES ('VIT003LEAX', 'Kimberly', 'Leach', 'Florida, USA', '1980-01-01', '2002-02-11', 3);
INSERT INTO Articolo (Titolo, Data, Link, Caso) VALUES ('Approfondimento su Bundy', '2002-02-11', 'https://news.it/3', 3);
INSERT INTO Caso (N_Caso, Titolo, Data, Luogo, Descrizione, Tipologia, Immagine, Approvato) VALUES (4, 'Il Macellaio di Rostov', '1987-08-06', 'Rostov, Russia', 'Andrei Chikatilo ha mutilato e ucciso oltre 50 donne e bambini.', 'Serial killer', 'img/caso_4.jpg', 1);
INSERT INTO Colpevole (CF_Colpevole, Nome, Cognome, LuogoNascita, DataNascita, Immagine) VALUES ('CLP004CHIX', 'Andrei', 'Chikatilo', 'Ignoto', '1970-01-01', 'img/colp_4.jpg') ON DUPLICATE KEY UPDATE Immagine=Immagine;
INSERT INTO Colpa (Colpevole, Caso) VALUES ('CLP004CHIX', 4);
INSERT INTO Vittima (CF_Vittima, Nome, Cognome, LuogoNascita, DataNascita, DataDecesso, Caso) VALUES ('VIT004ZAKX', 'Yelena', 'Zakotnova', 'Rostov, Russia', '1980-01-01', '1987-08-06', 4);
INSERT INTO Articolo (Titolo, Data, Link, Caso) VALUES ('Approfondimento su Chikatilo', '1987-08-06', 'https://news.it/4', 4);
INSERT INTO Caso (N_Caso, Titolo, Data, Luogo, Descrizione, Tipologia, Immagine, Approvato) VALUES (5, 'Night Stalker', '2015-12-17', 'Los Angeles, USA', 'Richard Ramirez terrorizzò LA con omicidi satanici.', 'Serial killer', 'img/caso_5.jpg', 1);
INSERT INTO Colpevole (CF_Colpevole, Nome, Cognome, LuogoNascita, DataNascita, Immagine) VALUES ('CLP005RAMX', 'Richard', 'Ramirez', 'Ignoto', '1970-01-01', 'img/colp_5.jpg') ON DUPLICATE KEY UPDATE Immagine=Immagine;
INSERT INTO Colpa (Colpevole, Caso) VALUES ('CLP005RAMX', 5);
INSERT INTO Vittima (CF_Vittima, Nome, Cognome, LuogoNascita, DataNascita, DataDecesso, Caso) VALUES ('VIT005LEUX', 'Mei', 'Leung', 'Los Angeles, USA', '1980-01-01', '2015-12-17', 5);
INSERT INTO Articolo (Titolo, Data, Link, Caso) VALUES ('Approfondimento su Ramirez', '2015-12-17', 'https://news.it/5', 5);
INSERT INTO Caso (N_Caso, Titolo, Data, Luogo, Descrizione, Tipologia, Immagine, Approvato) VALUES (6, 'Il figlio di Sam', '1994-09-07', 'New York, USA', 'David Berkowitz sparava alle coppe appartate in auto.', 'Serial killer', 'img/caso_6.jpg', 1);
INSERT INTO Colpevole (CF_Colpevole, Nome, Cognome, LuogoNascita, DataNascita, Immagine) VALUES ('CLP006BERX', 'David', 'Berkowitz', 'Ignoto', '1970-01-01', 'img/colp_6.jpg') ON DUPLICATE KEY UPDATE Immagine=Immagine;
INSERT INTO Colpa (Colpevole, Caso) VALUES ('CLP006BERX', 6);
INSERT INTO Vittima (CF_Vittima, Nome, Cognome, LuogoNascita, DataNascita, DataDecesso, Caso) VALUES ('VIT006LAUX', 'Donna', 'Lauria', 'New York, USA', '1980-01-01', '1994-09-07', 6);
INSERT INTO Articolo (Titolo, Data, Link, Caso) VALUES ('Approfondimento su Berkowitz', '1994-09-07', 'https://news.it/6', 6);
INSERT INTO Caso (N_Caso, Titolo, Data, Luogo, Descrizione, Tipologia, Immagine, Approvato) VALUES (7, 'Zodiac Killer', '1982-02-14', 'California, USA', 'Il killer mai identificato che mandava codici ai giornali.', 'Serial killer', 'img/caso_7.jpg', 1);
INSERT INTO Colpevole (CF_Colpevole, Nome, Cognome, LuogoNascita, DataNascita, Immagine) VALUES ('CLP007ZODX', 'Ignoto', 'Zodiac', 'Ignoto', '1970-01-01', 'img/colp_7.jpg') ON DUPLICATE KEY UPDATE Immagine=Immagine;
INSERT INTO Colpa (Colpevole, Caso) VALUES ('CLP007ZODX', 7);
INSERT INTO Vittima (CF_Vittima, Nome, Cognome, LuogoNascita, DataNascita, DataDecesso, Caso) VALUES ('VIT007FARX', 'David', 'Faraday', 'California, USA', '1980-01-01', '1982-02-14', 7);
INSERT INTO Articolo (Titolo, Data, Link, Caso) VALUES ('Approfondimento su Zodiac', '1982-02-14', 'https://news.it/7', 7);
INSERT INTO Caso (N_Caso, Titolo, Data, Luogo, Descrizione, Tipologia, Immagine, Approvato) VALUES (8, 'Green River Killer', '1970-05-22', 'Washington, USA', 'Gary Ridgway ha ucciso 49 donne confermate.', 'Serial killer', 'img/caso_8.jpg', 1);
INSERT INTO Colpevole (CF_Colpevole, Nome, Cognome, LuogoNascita, DataNascita, Immagine) VALUES ('CLP008RIDX', 'Gary', 'Ridgway', 'Ignoto', '1970-01-01', 'img/colp_8.jpg') ON DUPLICATE KEY UPDATE Immagine=Immagine;
INSERT INTO Colpa (Colpevole, Caso) VALUES ('CLP008RIDX', 8);
INSERT INTO Vittima (CF_Vittima, Nome, Cognome, LuogoNascita, DataNascita, DataDecesso, Caso) VALUES ('VIT008COFX', 'Wendy', 'Coffield', 'Washington, USA', '1980-01-01', '1970-05-22', 8);
INSERT INTO Articolo (Titolo, Data, Link, Caso) VALUES ('Approfondimento su Ridgway', '1970-05-22', 'https://news.it/8', 8);
INSERT INTO Caso (N_Caso, Titolo, Data, Luogo, Descrizione, Tipologia, Immagine, Approvato) VALUES (9, 'Jack lo Squartatore', '2022-10-14', 'Londra, UK', 'Il primo serial killer mediatico della storia a Whitechapel.', 'Serial killer', 'img/caso_9.jpg', 1);
INSERT INTO Colpevole (CF_Colpevole, Nome, Cognome, LuogoNascita, DataNascita, Immagine) VALUES ('CLP009JACX', 'Ignoto', 'Jack', 'Ignoto', '1970-01-01', 'img/colp_9.jpg') ON DUPLICATE KEY UPDATE Immagine=Immagine;
INSERT INTO Colpa (Colpevole, Caso) VALUES ('CLP009JACX', 9);
INSERT INTO Vittima (CF_Vittima, Nome, Cognome, LuogoNascita, DataNascita, DataDecesso, Caso) VALUES ('VIT009NICX', 'Mary', 'Nichols', 'Londra, UK', '1980-01-01', '2022-10-14', 9);
INSERT INTO Articolo (Titolo, Data, Link, Caso) VALUES ('Approfondimento su Jack', '2022-10-14', 'https://news.it/9', 9);
INSERT INTO Caso (N_Caso, Titolo, Data, Luogo, Descrizione, Tipologia, Immagine, Approvato) VALUES (10, 'Ed Gein', '1990-01-21', 'Wisconsin, USA', 'Il killer che ispirò Psycho, creava oggetti con pelle umana.', 'Serial killer', 'img/caso_10.jpg', 1);
INSERT INTO Colpevole (CF_Colpevole, Nome, Cognome, LuogoNascita, DataNascita, Immagine) VALUES ('CLP010GEIX', 'Ed', 'Gein', 'Ignoto', '1970-01-01', 'img/colp_10.jpg') ON DUPLICATE KEY UPDATE Immagine=Immagine;
INSERT INTO Colpa (Colpevole, Caso) VALUES ('CLP010GEIX', 10);
INSERT INTO Vittima (CF_Vittima, Nome, Cognome, LuogoNascita, DataNascita, DataDecesso, Caso) VALUES ('VIT010WORX', 'Bernice', 'Worden', 'Wisconsin, USA', '1980-01-01', '1990-01-21', 10);
INSERT INTO Articolo (Titolo, Data, Link, Caso) VALUES ('Approfondimento su Gein', '1990-01-21', 'https://news.it/10', 10);

-- Categoria: Casi mediatici italiani
INSERT INTO Caso (N_Caso, Titolo, Data, Luogo, Descrizione, Tipologia, Immagine, Approvato) VALUES (11, 'Delitto di Cogne', '2019-05-25', 'Cogne', 'La madre Annamaria Franzoni accusata dell''omicidio del figlio.', 'Casi mediatici italiani', 'img/caso_11.jpg', 1);
INSERT INTO Colpevole (CF_Colpevole, Nome, Cognome, LuogoNascita, DataNascita, Immagine) VALUES ('CLP011FRAX', 'Annamaria', 'Franzoni', 'Ignoto', '1970-01-01', 'img/colp_11.jpg') ON DUPLICATE KEY UPDATE Immagine=Immagine;
INSERT INTO Colpa (Colpevole, Caso) VALUES ('CLP011FRAX', 11);
INSERT INTO Vittima (CF_Vittima, Nome, Cognome, LuogoNascita, DataNascita, DataDecesso, Caso) VALUES ('VIT011LORX', 'Samuele', 'Lorenzi', 'Cogne', '1980-01-01', '2019-05-25', 11);
INSERT INTO Articolo (Titolo, Data, Link, Caso) VALUES ('Approfondimento su Franzoni', '2019-05-25', 'https://news.it/11', 11);
INSERT INTO Caso (N_Caso, Titolo, Data, Luogo, Descrizione, Tipologia, Immagine, Approvato) VALUES (12, 'Delitto di Avetrana', '1972-01-04', 'Avetrana', 'L''omicidio della giovane Sarah Scazzi e il coinvolgimento della famiglia.', 'Casi mediatici italiani', 'img/caso_12.jpg', 1);
INSERT INTO Colpevole (CF_Colpevole, Nome, Cognome, LuogoNascita, DataNascita, Immagine) VALUES ('CLP012MISX', 'Sabrina', 'Misseri', 'Ignoto', '1970-01-01', 'img/colp_12.jpg') ON DUPLICATE KEY UPDATE Immagine=Immagine;
INSERT INTO Colpa (Colpevole, Caso) VALUES ('CLP012MISX', 12);
INSERT INTO Vittima (CF_Vittima, Nome, Cognome, LuogoNascita, DataNascita, DataDecesso, Caso) VALUES ('VIT012SCAX', 'Sarah', 'Scazzi', 'Avetrana', '1980-01-01', '1972-01-04', 12);
INSERT INTO Articolo (Titolo, Data, Link, Caso) VALUES ('Approfondimento su Misseri', '1972-01-04', 'https://news.it/12', 12);
INSERT INTO Caso (N_Caso, Titolo, Data, Luogo, Descrizione, Tipologia, Immagine, Approvato) VALUES (13, 'Omicidio di Yara', '1975-02-25', 'Brembate', 'Il caso risolto grazie al DNA di Ignoto 1.', 'Casi mediatici italiani', 'img/caso_13.jpg', 1);
INSERT INTO Colpevole (CF_Colpevole, Nome, Cognome, LuogoNascita, DataNascita, Immagine) VALUES ('CLP013BOSX', 'Massimo', 'Bossetti', 'Ignoto', '1970-01-01', 'img/colp_13.jpg') ON DUPLICATE KEY UPDATE Immagine=Immagine;
INSERT INTO Colpa (Colpevole, Caso) VALUES ('CLP013BOSX', 13);
INSERT INTO Vittima (CF_Vittima, Nome, Cognome, LuogoNascita, DataNascita, DataDecesso, Caso) VALUES ('VIT013GAMX', 'Yara', 'Gambirasio', 'Brembate', '1980-01-01', '1975-02-25', 13);
INSERT INTO Articolo (Titolo, Data, Link, Caso) VALUES ('Approfondimento su Bossetti', '1975-02-25', 'https://news.it/13', 13);
INSERT INTO Caso (N_Caso, Titolo, Data, Luogo, Descrizione, Tipologia, Immagine, Approvato) VALUES (14, 'Delitto di Perugia', '2006-10-05', 'Perugia', 'L''omicidio di Meredith Kercher che coinvolse studenti internazionali.', 'Casi mediatici italiani', 'img/caso_14.jpg', 1);
INSERT INTO Colpevole (CF_Colpevole, Nome, Cognome, LuogoNascita, DataNascita, Immagine) VALUES ('CLP014GUEX', 'Rudy', 'Guede', 'Ignoto', '1970-01-01', 'img/colp_14.jpg') ON DUPLICATE KEY UPDATE Immagine=Immagine;
INSERT INTO Colpa (Colpevole, Caso) VALUES ('CLP014GUEX', 14);
INSERT INTO Vittima (CF_Vittima, Nome, Cognome, LuogoNascita, DataNascita, DataDecesso, Caso) VALUES ('VIT014KERX', 'Meredith', 'Kercher', 'Perugia', '1980-01-01', '2006-10-05', 14);
INSERT INTO Articolo (Titolo, Data, Link, Caso) VALUES ('Approfondimento su Guede', '2006-10-05', 'https://news.it/14', 14);
INSERT INTO Caso (N_Caso, Titolo, Data, Luogo, Descrizione, Tipologia, Immagine, Approvato) VALUES (15, 'Il Mostro di Firenze', '1980-02-26', 'Firenze', 'Serie di duplici omicidi avvenuti tra il 1968 e il 1985.', 'Casi mediatici italiani', 'img/caso_15.jpg', 1);
INSERT INTO Colpevole (CF_Colpevole, Nome, Cognome, LuogoNascita, DataNascita, Immagine) VALUES ('CLP015PACX', 'Pietro', 'Pacciani', 'Ignoto', '1970-01-01', 'img/colp_15.jpg') ON DUPLICATE KEY UPDATE Immagine=Immagine;
INSERT INTO Colpa (Colpevole, Caso) VALUES ('CLP015PACX', 15);
INSERT INTO Vittima (CF_Vittima, Nome, Cognome, LuogoNascita, DataNascita, DataDecesso, Caso) VALUES ('VIT015PETX', 'Stefania', 'Pettini', 'Firenze', '1980-01-01', '1980-02-26', 15);
INSERT INTO Articolo (Titolo, Data, Link, Caso) VALUES ('Approfondimento su Pacciani', '1980-02-26', 'https://news.it/15', 15);
INSERT INTO Caso (N_Caso, Titolo, Data, Luogo, Descrizione, Tipologia, Immagine, Approvato) VALUES (16, 'Strage di Erba', '2014-10-02', 'Erba', 'Olindo e Rosa uccidono 4 persone in un condominio.', 'Casi mediatici italiani', 'img/caso_16.jpg', 1);
INSERT INTO Colpevole (CF_Colpevole, Nome, Cognome, LuogoNascita, DataNascita, Immagine) VALUES ('CLP016ROMX', 'Olindo', 'Romano', 'Ignoto', '1970-01-01', 'img/colp_16.jpg') ON DUPLICATE KEY UPDATE Immagine=Immagine;
INSERT INTO Colpa (Colpevole, Caso) VALUES ('CLP016ROMX', 16);
INSERT INTO Vittima (CF_Vittima, Nome, Cognome, LuogoNascita, DataNascita, DataDecesso, Caso) VALUES ('VIT016CASX', 'Raffaella', 'Castagna', 'Erba', '1980-01-01', '2014-10-02', 16);
INSERT INTO Articolo (Titolo, Data, Link, Caso) VALUES ('Approfondimento su Romano', '2014-10-02', 'https://news.it/16', 16);
INSERT INTO Caso (N_Caso, Titolo, Data, Luogo, Descrizione, Tipologia, Immagine, Approvato) VALUES (17, 'Delitto di Garlasco', '2012-10-03', 'Garlasco', 'L''omicidio di Chiara Poggi nella sua villetta.', 'Casi mediatici italiani', 'img/caso_17.jpg', 1);
INSERT INTO Colpevole (CF_Colpevole, Nome, Cognome, LuogoNascita, DataNascita, Immagine) VALUES ('CLP017STAX', 'Alberto', 'Stasi', 'Ignoto', '1970-01-01', 'img/colp_17.jpg') ON DUPLICATE KEY UPDATE Immagine=Immagine;
INSERT INTO Colpa (Colpevole, Caso) VALUES ('CLP017STAX', 17);
INSERT INTO Vittima (CF_Vittima, Nome, Cognome, LuogoNascita, DataNascita, DataDecesso, Caso) VALUES ('VIT017POGX', 'Chiara', 'Poggi', 'Garlasco', '1980-01-01', '2012-10-03', 17);
INSERT INTO Articolo (Titolo, Data, Link, Caso) VALUES ('Approfondimento su Stasi', '2012-10-03', 'https://news.it/17', 17);
INSERT INTO Caso (N_Caso, Titolo, Data, Luogo, Descrizione, Tipologia, Immagine, Approvato) VALUES (18, 'Caso Melania Rea', '2000-03-15', 'Teramo', 'Salvatore Parolisi uccide la moglie in un bosco.', 'Casi mediatici italiani', 'img/caso_18.jpg', 1);
INSERT INTO Colpevole (CF_Colpevole, Nome, Cognome, LuogoNascita, DataNascita, Immagine) VALUES ('CLP018PARX', 'Salvatore', 'Parolisi', 'Ignoto', '1970-01-01', 'img/colp_18.jpg') ON DUPLICATE KEY UPDATE Immagine=Immagine;
INSERT INTO Colpa (Colpevole, Caso) VALUES ('CLP018PARX', 18);
INSERT INTO Vittima (CF_Vittima, Nome, Cognome, LuogoNascita, DataNascita, DataDecesso, Caso) VALUES ('VIT018REAX', 'Melania', 'Rea', 'Teramo', '1980-01-01', '2000-03-15', 18);
INSERT INTO Articolo (Titolo, Data, Link, Caso) VALUES ('Approfondimento su Parolisi', '2000-03-15', 'https://news.it/18', 18);
INSERT INTO Caso (N_Caso, Titolo, Data, Luogo, Descrizione, Tipologia, Immagine, Approvato) VALUES (19, 'Erika e Omar', '2017-05-07', 'Novi Ligure', 'Due fidanzatini uccidono madre e fratellino di lei.', 'Casi mediatici italiani', 'img/caso_19.jpg', 1);
INSERT INTO Colpevole (CF_Colpevole, Nome, Cognome, LuogoNascita, DataNascita, Immagine) VALUES ('CLP019DE X', 'Erika', 'De Nardo', 'Ignoto', '1970-01-01', 'img/colp_19.jpg') ON DUPLICATE KEY UPDATE Immagine=Immagine;
INSERT INTO Colpa (Colpevole, Caso) VALUES ('CLP019DE X', 19);
INSERT INTO Vittima (CF_Vittima, Nome, Cognome, LuogoNascita, DataNascita, DataDecesso, Caso) VALUES ('VIT019CASX', 'Susy', 'Cassini', 'Novi Ligure', '1980-01-01', '2017-05-07', 19);
INSERT INTO Articolo (Titolo, Data, Link, Caso) VALUES ('Approfondimento su De Nardo', '2017-05-07', 'https://news.it/19', 19);
INSERT INTO Caso (N_Caso, Titolo, Data, Luogo, Descrizione, Tipologia, Immagine, Approvato) VALUES (20, 'Marco Vannini', '1992-03-28', 'Ladispoli', 'La morte del giovane Marco in casa della fidanzata Ciontoli.', 'Casi mediatici italiani', 'img/caso_20.jpg', 1);
INSERT INTO Colpevole (CF_Colpevole, Nome, Cognome, LuogoNascita, DataNascita, Immagine) VALUES ('CLP020CIOX', 'Antonio', 'Ciontoli', 'Ignoto', '1970-01-01', 'img/colp_20.jpg') ON DUPLICATE KEY UPDATE Immagine=Immagine;
INSERT INTO Colpa (Colpevole, Caso) VALUES ('CLP020CIOX', 20);
INSERT INTO Vittima (CF_Vittima, Nome, Cognome, LuogoNascita, DataNascita, DataDecesso, Caso) VALUES ('VIT020VANX', 'Marco', 'Vannini', 'Ladispoli', '1980-01-01', '1992-03-28', 20);
INSERT INTO Articolo (Titolo, Data, Link, Caso) VALUES ('Approfondimento su Ciontoli', '1992-03-28', 'https://news.it/20', 20);

-- Categoria: Amore tossico
INSERT INTO Caso (N_Caso, Titolo, Data, Luogo, Descrizione, Tipologia, Immagine, Approvato) VALUES (21, 'Sid e Nancy', '1985-02-07', 'New York', 'Il bassista dei Sex Pistols uccide la fidanzata.', 'Amore tossico', 'img/caso_21.jpg', 1);
INSERT INTO Colpevole (CF_Colpevole, Nome, Cognome, LuogoNascita, DataNascita, Immagine) VALUES ('CLP021VICX', 'Sid', 'Vicious', 'Ignoto', '1970-01-01', 'img/colp_21.jpg') ON DUPLICATE KEY UPDATE Immagine=Immagine;
INSERT INTO Colpa (Colpevole, Caso) VALUES ('CLP021VICX', 21);
INSERT INTO Vittima (CF_Vittima, Nome, Cognome, LuogoNascita, DataNascita, DataDecesso, Caso) VALUES ('VIT021SPUX', 'Nancy', 'Spungen', 'New York', '1980-01-01', '1985-02-07', 21);
INSERT INTO Articolo (Titolo, Data, Link, Caso) VALUES ('Approfondimento su Vicious', '1985-02-07', 'https://news.it/21', 21);
INSERT INTO Caso (N_Caso, Titolo, Data, Luogo, Descrizione, Tipologia, Immagine, Approvato) VALUES (22, 'Il caso Pistorius', '1975-07-04', 'Pretoria', 'L''atleta paralimpico spara alla fidanzata credendola un ladro.', 'Amore tossico', 'img/caso_22.jpg', 1);
INSERT INTO Colpevole (CF_Colpevole, Nome, Cognome, LuogoNascita, DataNascita, Immagine) VALUES ('CLP022PISX', 'Oscar', 'Pistorius', 'Ignoto', '1970-01-01', 'img/colp_22.jpg') ON DUPLICATE KEY UPDATE Immagine=Immagine;
INSERT INTO Colpa (Colpevole, Caso) VALUES ('CLP022PISX', 22);
INSERT INTO Vittima (CF_Vittima, Nome, Cognome, LuogoNascita, DataNascita, DataDecesso, Caso) VALUES ('VIT022STEX', 'Reeva', 'Steenkamp', 'Pretoria', '1980-01-01', '1975-07-04', 22);
INSERT INTO Articolo (Titolo, Data, Link, Caso) VALUES ('Approfondimento su Pistorius', '1975-07-04', 'https://news.it/22', 22);
INSERT INTO Caso (N_Caso, Titolo, Data, Luogo, Descrizione, Tipologia, Immagine, Approvato) VALUES (23, 'Bertrand Cantat', '2019-11-01', 'Vilnius', 'Il cantante dei Noir Desir picchia a morte l''attrice Marie Trintignant.', 'Amore tossico', 'img/caso_23.jpg', 1);
INSERT INTO Colpevole (CF_Colpevole, Nome, Cognome, LuogoNascita, DataNascita, Immagine) VALUES ('CLP023CANX', 'Bertrand', 'Cantat', 'Ignoto', '1970-01-01', 'img/colp_23.jpg') ON DUPLICATE KEY UPDATE Immagine=Immagine;
INSERT INTO Colpa (Colpevole, Caso) VALUES ('CLP023CANX', 23);
INSERT INTO Vittima (CF_Vittima, Nome, Cognome, LuogoNascita, DataNascita, DataDecesso, Caso) VALUES ('VIT023TRIX', 'Marie', 'Trintignant', 'Vilnius', '1980-01-01', '2019-11-01', 23);
INSERT INTO Articolo (Titolo, Data, Link, Caso) VALUES ('Approfondimento su Cantat', '2019-11-01', 'https://news.it/23', 23);
INSERT INTO Caso (N_Caso, Titolo, Data, Luogo, Descrizione, Tipologia, Immagine, Approvato) VALUES (24, 'Jodi Arias', '1998-02-05', 'Arizona, USA', 'Uccide l''ex fidanzato Travis Alexander per gelosia morbosa.', 'Amore tossico', 'img/caso_24.jpg', 1);
INSERT INTO Colpevole (CF_Colpevole, Nome, Cognome, LuogoNascita, DataNascita, Immagine) VALUES ('CLP024ARIX', 'Jodi', 'Arias', 'Ignoto', '1970-01-01', 'img/colp_24.jpg') ON DUPLICATE KEY UPDATE Immagine=Immagine;
INSERT INTO Colpa (Colpevole, Caso) VALUES ('CLP024ARIX', 24);
INSERT INTO Vittima (CF_Vittima, Nome, Cognome, LuogoNascita, DataNascita, DataDecesso, Caso) VALUES ('VIT024ALEX', 'Travis', 'Alexander', 'Arizona, USA', '1980-01-01', '1998-02-05', 24);
INSERT INTO Articolo (Titolo, Data, Link, Caso) VALUES ('Approfondimento su Arias', '1998-02-05', 'https://news.it/24', 24);
INSERT INTO Caso (N_Caso, Titolo, Data, Luogo, Descrizione, Tipologia, Immagine, Approvato) VALUES (25, 'Phil Spector', '2017-04-09', 'California', 'Il produttore musicale uccide l''attrice Lana Clarkson.', 'Amore tossico', 'img/caso_25.jpg', 1);
INSERT INTO Colpevole (CF_Colpevole, Nome, Cognome, LuogoNascita, DataNascita, Immagine) VALUES ('CLP025SPEX', 'Phil', 'Spector', 'Ignoto', '1970-01-01', 'img/colp_25.jpg') ON DUPLICATE KEY UPDATE Immagine=Immagine;
INSERT INTO Colpa (Colpevole, Caso) VALUES ('CLP025SPEX', 25);
INSERT INTO Vittima (CF_Vittima, Nome, Cognome, LuogoNascita, DataNascita, DataDecesso, Caso) VALUES ('VIT025CLAX', 'Lana', 'Clarkson', 'California', '1980-01-01', '2017-04-09', 25);
INSERT INTO Articolo (Titolo, Data, Link, Caso) VALUES ('Approfondimento su Spector', '2017-04-09', 'https://news.it/25', 25);
INSERT INTO Caso (N_Caso, Titolo, Data, Luogo, Descrizione, Tipologia, Immagine, Approvato) VALUES (26, 'Caso O.J. Simpson', '1970-01-22', 'Los Angeles', 'L''ex campione accusato di aver ucciso l''ex moglie.', 'Amore tossico', 'img/caso_26.jpg', 1);
INSERT INTO Colpevole (CF_Colpevole, Nome, Cognome, LuogoNascita, DataNascita, Immagine) VALUES ('CLP026SIMX', 'O.J.', 'Simpson', 'Ignoto', '1970-01-01', 'img/colp_26.jpg') ON DUPLICATE KEY UPDATE Immagine=Immagine;
INSERT INTO Colpa (Colpevole, Caso) VALUES ('CLP026SIMX', 26);
INSERT INTO Vittima (CF_Vittima, Nome, Cognome, LuogoNascita, DataNascita, DataDecesso, Caso) VALUES ('VIT026BROX', 'Nicole', 'Brown', 'Los Angeles', '1980-01-01', '1970-01-22', 26);
INSERT INTO Articolo (Titolo, Data, Link, Caso) VALUES ('Approfondimento su Simpson', '1970-01-22', 'https://news.it/26', 26);
INSERT INTO Caso (N_Caso, Titolo, Data, Luogo, Descrizione, Tipologia, Immagine, Approvato) VALUES (27, 'Luca Varani', '1994-07-05', 'Roma', 'Ucciso durante un festino a base di droghe e follia.', 'Amore tossico', 'img/caso_27.jpg', 1);
INSERT INTO Colpevole (CF_Colpevole, Nome, Cognome, LuogoNascita, DataNascita, Immagine) VALUES ('CLP027PRAX', 'Marco', 'Prato', 'Ignoto', '1970-01-01', 'img/colp_27.jpg') ON DUPLICATE KEY UPDATE Immagine=Immagine;
INSERT INTO Colpa (Colpevole, Caso) VALUES ('CLP027PRAX', 27);
INSERT INTO Vittima (CF_Vittima, Nome, Cognome, LuogoNascita, DataNascita, DataDecesso, Caso) VALUES ('VIT027VARX', 'Luca', 'Varani', 'Roma', '1980-01-01', '1994-07-05', 27);
INSERT INTO Articolo (Titolo, Data, Link, Caso) VALUES ('Approfondimento su Prato', '1994-07-05', 'https://news.it/27', 27);
INSERT INTO Caso (N_Caso, Titolo, Data, Luogo, Descrizione, Tipologia, Immagine, Approvato) VALUES (28, 'Femminicidio Tramontano', '2004-10-03', 'Milano', 'Giulia uccisa al settimo mese di gravidanza dal compagno.', 'Amore tossico', 'img/caso_28.jpg', 1);
INSERT INTO Colpevole (CF_Colpevole, Nome, Cognome, LuogoNascita, DataNascita, Immagine) VALUES ('CLP028IMPX', 'Alessandro', 'Impagnatiello', 'Ignoto', '1970-01-01', 'img/colp_28.jpg') ON DUPLICATE KEY UPDATE Immagine=Immagine;
INSERT INTO Colpa (Colpevole, Caso) VALUES ('CLP028IMPX', 28);
INSERT INTO Vittima (CF_Vittima, Nome, Cognome, LuogoNascita, DataNascita, DataDecesso, Caso) VALUES ('VIT028TRAX', 'Giulia', 'Tramontano', 'Milano', '1980-01-01', '2004-10-03', 28);
INSERT INTO Articolo (Titolo, Data, Link, Caso) VALUES ('Approfondimento su Impagnatiello', '2004-10-03', 'https://news.it/28', 28);
INSERT INTO Caso (N_Caso, Titolo, Data, Luogo, Descrizione, Tipologia, Immagine, Approvato) VALUES (29, 'Shannan Watts', '1983-11-22', 'Colorado', 'Chris Watts uccide moglie incinta e figlie per l''amante.', 'Amore tossico', 'img/caso_29.jpg', 1);
INSERT INTO Colpevole (CF_Colpevole, Nome, Cognome, LuogoNascita, DataNascita, Immagine) VALUES ('CLP029WATX', 'Chris', 'Watts', 'Ignoto', '1970-01-01', 'img/colp_29.jpg') ON DUPLICATE KEY UPDATE Immagine=Immagine;
INSERT INTO Colpa (Colpevole, Caso) VALUES ('CLP029WATX', 29);
INSERT INTO Vittima (CF_Vittima, Nome, Cognome, LuogoNascita, DataNascita, DataDecesso, Caso) VALUES ('VIT029WATX', 'Shannan', 'Watts', 'Colorado', '1980-01-01', '1983-11-22', 29);
INSERT INTO Articolo (Titolo, Data, Link, Caso) VALUES ('Approfondimento su Watts', '1983-11-22', 'https://news.it/29', 29);
INSERT INTO Caso (N_Caso, Titolo, Data, Luogo, Descrizione, Tipologia, Immagine, Approvato) VALUES (30, 'Gabby Petito', '2018-02-09', 'Wyoming', 'Strangolata dal fidanzato durante un viaggio in van.', 'Amore tossico', 'img/caso_30.jpg', 1);
INSERT INTO Colpevole (CF_Colpevole, Nome, Cognome, LuogoNascita, DataNascita, Immagine) VALUES ('CLP030LAUX', 'Brian', 'Laundrie', 'Ignoto', '1970-01-01', 'img/colp_30.jpg') ON DUPLICATE KEY UPDATE Immagine=Immagine;
INSERT INTO Colpa (Colpevole, Caso) VALUES ('CLP030LAUX', 30);
INSERT INTO Vittima (CF_Vittima, Nome, Cognome, LuogoNascita, DataNascita, DataDecesso, Caso) VALUES ('VIT030PETX', 'Gabby', 'Petito', 'Wyoming', '1980-01-01', '2018-02-09', 30);
INSERT INTO Articolo (Titolo, Data, Link, Caso) VALUES ('Approfondimento su Laundrie', '2018-02-09', 'https://news.it/30', 30);

-- Categoria: Celebrity
INSERT INTO Caso (N_Caso, Titolo, Data, Luogo, Descrizione, Tipologia, Immagine, Approvato) VALUES (31, 'Gianni Versace', '2007-02-03', 'Miami', 'Lo stilista ucciso sugli scalini di casa.', 'Celebrity', 'img/caso_31.jpg', 1);
INSERT INTO Colpevole (CF_Colpevole, Nome, Cognome, LuogoNascita, DataNascita, Immagine) VALUES ('CLP031CUNX', 'Andrew', 'Cunanan', 'Ignoto', '1970-01-01', 'img/colp_31.jpg') ON DUPLICATE KEY UPDATE Immagine=Immagine;
INSERT INTO Colpa (Colpevole, Caso) VALUES ('CLP031CUNX', 31);
INSERT INTO Vittima (CF_Vittima, Nome, Cognome, LuogoNascita, DataNascita, DataDecesso, Caso) VALUES ('VIT031VERX', 'Gianni', 'Versace', 'Miami', '1980-01-01', '2007-02-03', 31);
INSERT INTO Articolo (Titolo, Data, Link, Caso) VALUES ('Approfondimento su Cunanan', '2007-02-03', 'https://news.it/31', 31);
INSERT INTO Caso (N_Caso, Titolo, Data, Luogo, Descrizione, Tipologia, Immagine, Approvato) VALUES (32, 'Sharon Tate', '1984-05-12', 'Los Angeles', 'L''attrice uccisa dalla Manson Family.', 'Celebrity', 'img/caso_32.jpg', 1);
INSERT INTO Colpevole (CF_Colpevole, Nome, Cognome, LuogoNascita, DataNascita, Immagine) VALUES ('CLP032MANX', 'Charles', 'Manson', 'Ignoto', '1970-01-01', 'img/colp_32.jpg') ON DUPLICATE KEY UPDATE Immagine=Immagine;
INSERT INTO Colpa (Colpevole, Caso) VALUES ('CLP032MANX', 32);
INSERT INTO Vittima (CF_Vittima, Nome, Cognome, LuogoNascita, DataNascita, DataDecesso, Caso) VALUES ('VIT032TATX', 'Sharon', 'Tate', 'Los Angeles', '1980-01-01', '1984-05-12', 32);
INSERT INTO Articolo (Titolo, Data, Link, Caso) VALUES ('Approfondimento su Manson', '1984-05-12', 'https://news.it/32', 32);
INSERT INTO Caso (N_Caso, Titolo, Data, Luogo, Descrizione, Tipologia, Immagine, Approvato) VALUES (33, 'John Lennon', '2006-08-03', 'New York', 'L''ex Beatle ucciso da un fan ossessionato.', 'Celebrity', 'img/caso_33.jpg', 1);
INSERT INTO Colpevole (CF_Colpevole, Nome, Cognome, LuogoNascita, DataNascita, Immagine) VALUES ('CLP033CHAX', 'Mark', 'Chapman', 'Ignoto', '1970-01-01', 'img/colp_33.jpg') ON DUPLICATE KEY UPDATE Immagine=Immagine;
INSERT INTO Colpa (Colpevole, Caso) VALUES ('CLP033CHAX', 33);
INSERT INTO Vittima (CF_Vittima, Nome, Cognome, LuogoNascita, DataNascita, DataDecesso, Caso) VALUES ('VIT033LENX', 'John', 'Lennon', 'New York', '1980-01-01', '2006-08-03', 33);
INSERT INTO Articolo (Titolo, Data, Link, Caso) VALUES ('Approfondimento su Chapman', '2006-08-03', 'https://news.it/33', 33);
INSERT INTO Caso (N_Caso, Titolo, Data, Luogo, Descrizione, Tipologia, Immagine, Approvato) VALUES (34, 'Tupac Shakur', '2018-06-18', 'Las Vegas', 'Il rapper ucciso in una sparatoria tra gang.', 'Celebrity', 'img/caso_34.jpg', 1);
INSERT INTO Colpevole (CF_Colpevole, Nome, Cognome, LuogoNascita, DataNascita, Immagine) VALUES ('CLP034ANDX', 'Orlando', 'Anderson', 'Ignoto', '1970-01-01', 'img/colp_34.jpg') ON DUPLICATE KEY UPDATE Immagine=Immagine;
INSERT INTO Colpa (Colpevole, Caso) VALUES ('CLP034ANDX', 34);
INSERT INTO Vittima (CF_Vittima, Nome, Cognome, LuogoNascita, DataNascita, DataDecesso, Caso) VALUES ('VIT034SHAX', 'Tupac', 'Shakur', 'Las Vegas', '1980-01-01', '2018-06-18', 34);
INSERT INTO Articolo (Titolo, Data, Link, Caso) VALUES ('Approfondimento su Anderson', '2018-06-18', 'https://news.it/34', 34);
INSERT INTO Caso (N_Caso, Titolo, Data, Luogo, Descrizione, Tipologia, Immagine, Approvato) VALUES (35, 'Notorious B.I.G.', '1996-11-19', 'Los Angeles', 'Ucciso pochi mesi dopo Tupac.', 'Celebrity', 'img/caso_35.jpg', 1);
INSERT INTO Colpevole (CF_Colpevole, Nome, Cognome, LuogoNascita, DataNascita, Immagine) VALUES ('CLP035KILX', 'Ignoto', 'Killer', 'Ignoto', '1970-01-01', 'img/colp_35.jpg') ON DUPLICATE KEY UPDATE Immagine=Immagine;
INSERT INTO Colpa (Colpevole, Caso) VALUES ('CLP035KILX', 35);
INSERT INTO Vittima (CF_Vittima, Nome, Cognome, LuogoNascita, DataNascita, DataDecesso, Caso) VALUES ('VIT035WALX', 'C.', 'Wallace', 'Los Angeles', '1980-01-01', '1996-11-19', 35);
INSERT INTO Articolo (Titolo, Data, Link, Caso) VALUES ('Approfondimento su Killer', '1996-11-19', 'https://news.it/35', 35);
INSERT INTO Caso (N_Caso, Titolo, Data, Luogo, Descrizione, Tipologia, Immagine, Approvato) VALUES (36, 'Marvin Gaye', '1973-10-05', 'Los Angeles', 'Il cantante ucciso dal proprio padre dopo una lite.', 'Celebrity', 'img/caso_36.jpg', 1);
INSERT INTO Colpevole (CF_Colpevole, Nome, Cognome, LuogoNascita, DataNascita, Immagine) VALUES ('CLP036GAYX', 'Marvin', 'Gay Sr.', 'Ignoto', '1970-01-01', 'img/colp_36.jpg') ON DUPLICATE KEY UPDATE Immagine=Immagine;
INSERT INTO Colpa (Colpevole, Caso) VALUES ('CLP036GAYX', 36);
INSERT INTO Vittima (CF_Vittima, Nome, Cognome, LuogoNascita, DataNascita, DataDecesso, Caso) VALUES ('VIT036GAYX', 'Marvin', 'Gaye', 'Los Angeles', '1980-01-01', '1973-10-05', 36);
INSERT INTO Articolo (Titolo, Data, Link, Caso) VALUES ('Approfondimento su Gay Sr.', '1973-10-05', 'https://news.it/36', 36);
INSERT INTO Caso (N_Caso, Titolo, Data, Luogo, Descrizione, Tipologia, Immagine, Approvato) VALUES (37, 'Selena', '2015-09-03', 'Texas', 'La regina della musica tejano uccisa dalla presidente del fan club.', 'Celebrity', 'img/caso_37.jpg', 1);
INSERT INTO Colpevole (CF_Colpevole, Nome, Cognome, LuogoNascita, DataNascita, Immagine) VALUES ('CLP037SALX', 'Yolanda', 'Saldivar', 'Ignoto', '1970-01-01', 'img/colp_37.jpg') ON DUPLICATE KEY UPDATE Immagine=Immagine;
INSERT INTO Colpa (Colpevole, Caso) VALUES ('CLP037SALX', 37);
INSERT INTO Vittima (CF_Vittima, Nome, Cognome, LuogoNascita, DataNascita, DataDecesso, Caso) VALUES ('VIT037QUIX', 'Selena', 'Quintanilla', 'Texas', '1980-01-01', '2015-09-03', 37);
INSERT INTO Articolo (Titolo, Data, Link, Caso) VALUES ('Approfondimento su Saldivar', '2015-09-03', 'https://news.it/37', 37);
INSERT INTO Caso (N_Caso, Titolo, Data, Luogo, Descrizione, Tipologia, Immagine, Approvato) VALUES (38, 'Dimebag Darrell', '2006-02-26', 'Ohio', 'Il chitarrista dei Pantera ucciso sul palco.', 'Celebrity', 'img/caso_38.jpg', 1);
INSERT INTO Colpevole (CF_Colpevole, Nome, Cognome, LuogoNascita, DataNascita, Immagine) VALUES ('CLP038GALX', 'Nathan', 'Gale', 'Ignoto', '1970-01-01', 'img/colp_38.jpg') ON DUPLICATE KEY UPDATE Immagine=Immagine;
INSERT INTO Colpa (Colpevole, Caso) VALUES ('CLP038GALX', 38);
INSERT INTO Vittima (CF_Vittima, Nome, Cognome, LuogoNascita, DataNascita, DataDecesso, Caso) VALUES ('VIT038ABBX', 'Darrell', 'Abbott', 'Ohio', '1980-01-01', '2006-02-26', 38);
INSERT INTO Articolo (Titolo, Data, Link, Caso) VALUES ('Approfondimento su Gale', '2006-02-26', 'https://news.it/38', 38);
INSERT INTO Caso (N_Caso, Titolo, Data, Luogo, Descrizione, Tipologia, Immagine, Approvato) VALUES (39, 'Christina Grimmie', '1977-03-27', 'Orlando', 'La cantante di The Voice uccisa mentre firmava autografi.', 'Celebrity', 'img/caso_39.jpg', 1);
INSERT INTO Colpevole (CF_Colpevole, Nome, Cognome, LuogoNascita, DataNascita, Immagine) VALUES ('CLP039LOIX', 'Kevin', 'Loibl', 'Ignoto', '1970-01-01', 'img/colp_39.jpg') ON DUPLICATE KEY UPDATE Immagine=Immagine;
INSERT INTO Colpa (Colpevole, Caso) VALUES ('CLP039LOIX', 39);
INSERT INTO Vittima (CF_Vittima, Nome, Cognome, LuogoNascita, DataNascita, DataDecesso, Caso) VALUES ('VIT039GRIX', 'Christina', 'Grimmie', 'Orlando', '1980-01-01', '1977-03-27', 39);
INSERT INTO Articolo (Titolo, Data, Link, Caso) VALUES ('Approfondimento su Loibl', '1977-03-27', 'https://news.it/39', 39);
INSERT INTO Caso (N_Caso, Titolo, Data, Luogo, Descrizione, Tipologia, Immagine, Approvato) VALUES (40, 'Maurizio Gucci', '2011-09-13', 'Milano', 'L''erede della moda fatto uccidere dall''ex moglie.', 'Celebrity', 'img/caso_40.jpg', 1);
INSERT INTO Colpevole (CF_Colpevole, Nome, Cognome, LuogoNascita, DataNascita, Immagine) VALUES ('CLP040CERX', 'Benedetto', 'Ceraulo', 'Ignoto', '1970-01-01', 'img/colp_40.jpg') ON DUPLICATE KEY UPDATE Immagine=Immagine;
INSERT INTO Colpa (Colpevole, Caso) VALUES ('CLP040CERX', 40);
INSERT INTO Vittima (CF_Vittima, Nome, Cognome, LuogoNascita, DataNascita, DataDecesso, Caso) VALUES ('VIT040GUCX', 'Maurizio', 'Gucci', 'Milano', '1980-01-01', '2011-09-13', 40);
INSERT INTO Articolo (Titolo, Data, Link, Caso) VALUES ('Approfondimento su Ceraulo', '2011-09-13', 'https://news.it/40', 40);

-- INIZIO POPOLAMENTO CASI DA APPROVARE (False/0)
INSERT INTO Caso (N_Caso, Titolo, Data, Luogo, Descrizione, Tipologia, Immagine, Approvato) VALUES (41, 'Morte nel Vicolo', '2025-12-17', 'Torino', 'Un caso irrisolto degli anni 90 riaperto oggi.', 'Serial killer', 'img/pending.jpg', 0);
INSERT INTO Colpevole (CF_Colpevole, Nome, Cognome, LuogoNascita, DataNascita, Immagine) VALUES ('PEN041XXX', 'Ignoto', 'X', 'N/A', '1990-01-01', 'img/pending_c.jpg');
INSERT INTO Colpa (Colpevole, Caso) VALUES ('PEN041XXX', 41);
INSERT INTO Vittima (CF_Vittima, Nome, Cognome, LuogoNascita, DataNascita, DataDecesso, Caso) VALUES ('PEN041YYY', 'Mario', 'Rossi', 'N/A', '1995-01-01', '2025-12-17', 41);
INSERT INTO Caso (N_Caso, Titolo, Data, Luogo, Descrizione, Tipologia, Immagine, Approvato) VALUES (42, 'Il veleno del caffè', '2025-12-17', 'Napoli', 'Avvelenamento seriale in una casa di cura.', 'Serial killer', 'img/pending.jpg', 0);
INSERT INTO Colpevole (CF_Colpevole, Nome, Cognome, LuogoNascita, DataNascita, Immagine) VALUES ('PEN042XXX', 'Luisa', 'Bianchi', 'N/A', '1990-01-01', 'img/pending_c.jpg');
INSERT INTO Colpa (Colpevole, Caso) VALUES ('PEN042XXX', 42);
INSERT INTO Vittima (CF_Vittima, Nome, Cognome, LuogoNascita, DataNascita, DataDecesso, Caso) VALUES ('PEN042YYY', 'Anna', 'Verdi', 'N/A', '1995-01-01', '2025-12-17', 42);
INSERT INTO Caso (N_Caso, Titolo, Data, Luogo, Descrizione, Tipologia, Immagine, Approvato) VALUES (43, 'Scomparsa sul Lago', '2025-12-17', 'Como', 'Una turista svanita nel nulla, si sospetta il marito.', 'Casi mediatici italiani', 'img/pending.jpg', 0);
INSERT INTO Colpevole (CF_Colpevole, Nome, Cognome, LuogoNascita, DataNascita, Immagine) VALUES ('PEN043XXX', 'Hans', 'Muller', 'N/A', '1990-01-01', 'img/pending_c.jpg');
INSERT INTO Colpa (Colpevole, Caso) VALUES ('PEN043XXX', 43);
INSERT INTO Vittima (CF_Vittima, Nome, Cognome, LuogoNascita, DataNascita, DataDecesso, Caso) VALUES ('PEN043YYY', 'Greta', 'Schmidt', 'N/A', '1995-01-01', '2025-12-17', 43);
INSERT INTO Caso (N_Caso, Titolo, Data, Luogo, Descrizione, Tipologia, Immagine, Approvato) VALUES (44, 'Il segreto del prete', '2025-12-17', 'Potenza', 'Ritrovamento osseo in una chiesa antica.', 'Casi mediatici italiani', 'img/pending.jpg', 0);
INSERT INTO Colpevole (CF_Colpevole, Nome, Cognome, LuogoNascita, DataNascita, Immagine) VALUES ('PEN044XXX', 'Don', 'Giulio', 'N/A', '1990-01-01', 'img/pending_c.jpg');
INSERT INTO Colpa (Colpevole, Caso) VALUES ('PEN044XXX', 44);
INSERT INTO Vittima (CF_Vittima, Nome, Cognome, LuogoNascita, DataNascita, DataDecesso, Caso) VALUES ('PEN044YYY', 'Elisa', 'Claps', 'N/A', '1995-01-01', '2025-12-17', 44);
INSERT INTO Caso (N_Caso, Titolo, Data, Luogo, Descrizione, Tipologia, Immagine, Approvato) VALUES (45, 'Gelosia fatale', '2025-12-17', 'Bologna', 'Due amanti, un coltello e una notte di follia.', 'Amore tossico', 'img/pending.jpg', 0);
INSERT INTO Colpevole (CF_Colpevole, Nome, Cognome, LuogoNascita, DataNascita, Immagine) VALUES ('PEN045XXX', 'Luca', 'Neri', 'N/A', '1990-01-01', 'img/pending_c.jpg');
INSERT INTO Colpa (Colpevole, Caso) VALUES ('PEN045XXX', 45);
INSERT INTO Vittima (CF_Vittima, Nome, Cognome, LuogoNascita, DataNascita, DataDecesso, Caso) VALUES ('PEN045YYY', 'Sara', 'Gialli', 'N/A', '1995-01-01', '2025-12-17', 45);
INSERT INTO Caso (N_Caso, Titolo, Data, Luogo, Descrizione, Tipologia, Immagine, Approvato) VALUES (46, 'Tradimento online', '2025-12-17', 'Milano', 'Adesca la moglie su internet per ucciderla.', 'Amore tossico', 'img/pending.jpg', 0);
INSERT INTO Colpevole (CF_Colpevole, Nome, Cognome, LuogoNascita, DataNascita, Immagine) VALUES ('PEN046XXX', 'Marco', 'Viola', 'N/A', '1990-01-01', 'img/pending_c.jpg');
INSERT INTO Colpa (Colpevole, Caso) VALUES ('PEN046XXX', 46);
INSERT INTO Vittima (CF_Vittima, Nome, Cognome, LuogoNascita, DataNascita, DataDecesso, Caso) VALUES ('PEN046YYY', 'Lisa', 'Rosa', 'N/A', '1995-01-01', '2025-12-17', 46);
INSERT INTO Caso (N_Caso, Titolo, Data, Luogo, Descrizione, Tipologia, Immagine, Approvato) VALUES (47, 'Lo stalker della TV', '2025-12-17', 'Roma', 'Conduttore perseguitato da una fan.', 'Celebrity', 'img/pending.jpg', 0);
INSERT INTO Colpevole (CF_Colpevole, Nome, Cognome, LuogoNascita, DataNascita, Immagine) VALUES ('PEN047XXX', 'Carla', 'Bruni', 'N/A', '1990-01-01', 'img/pending_c.jpg');
INSERT INTO Colpa (Colpevole, Caso) VALUES ('PEN047XXX', 47);
INSERT INTO Vittima (CF_Vittima, Nome, Cognome, LuogoNascita, DataNascita, DataDecesso, Caso) VALUES ('PEN047YYY', 'Pippo', 'Baudo', 'N/A', '1995-01-01', '2025-12-17', 47);
INSERT INTO Caso (N_Caso, Titolo, Data, Luogo, Descrizione, Tipologia, Immagine, Approvato) VALUES (48, 'Rapimento Lampo', '2025-12-17', 'Venezia', 'Influencer rapita per riscatto finito male.', 'Celebrity', 'img/pending.jpg', 0);
INSERT INTO Colpevole (CF_Colpevole, Nome, Cognome, LuogoNascita, DataNascita, Immagine) VALUES ('PEN048XXX', 'Bandito', 'Uno', 'N/A', '1990-01-01', 'img/pending_c.jpg');
INSERT INTO Colpa (Colpevole, Caso) VALUES ('PEN048XXX', 48);
INSERT INTO Vittima (CF_Vittima, Nome, Cognome, LuogoNascita, DataNascita, DataDecesso, Caso) VALUES ('PEN048YYY', 'Chiara', 'Nasti', 'N/A', '1995-01-01', '2025-12-17', 48);
INSERT INTO Caso (N_Caso, Titolo, Data, Luogo, Descrizione, Tipologia, Immagine, Approvato) VALUES (49, 'Il mostro del Po', '2025-12-17', 'Rovigo', 'Pescatore trova resti umani.', 'Serial killer', 'img/pending.jpg', 0);
INSERT INTO Colpevole (CF_Colpevole, Nome, Cognome, LuogoNascita, DataNascita, Immagine) VALUES ('PEN049XXX', 'Ignoto', 'Y', 'N/A', '1990-01-01', 'img/pending_c.jpg');
INSERT INTO Colpa (Colpevole, Caso) VALUES ('PEN049XXX', 49);
INSERT INTO Vittima (CF_Vittima, Nome, Cognome, LuogoNascita, DataNascita, DataDecesso, Caso) VALUES ('PEN049YYY', 'Luigi', 'B.', 'N/A', '1995-01-01', '2025-12-17', 49);
INSERT INTO Caso (N_Caso, Titolo, Data, Luogo, Descrizione, Tipologia, Immagine, Approvato) VALUES (50, 'Delitto di Pasqua', '2025-12-17', 'Bari', 'Lite in famiglia finisce in tragedia.', 'Casi mediatici italiani', 'img/pending.jpg', 0);
INSERT INTO Colpevole (CF_Colpevole, Nome, Cognome, LuogoNascita, DataNascita, Immagine) VALUES ('PEN050XXX', 'Zio', 'Peppe', 'N/A', '1990-01-01', 'img/pending_c.jpg');
INSERT INTO Colpa (Colpevole, Caso) VALUES ('PEN050XXX', 50);
INSERT INTO Vittima (CF_Vittima, Nome, Cognome, LuogoNascita, DataNascita, DataDecesso, Caso) VALUES ('PEN050YYY', 'Nipote', 'Franco', 'N/A', '1995-01-01', '2025-12-17', 50);